{"Top-1": 20.378, "loss": 4.1430703125, "top-5": 44.152, "_timestamp": 1721882806.2876518, "_runtime": 2596.154240846634, "_step": 0, "_wandb": {"runtime": 3198}}