{"Top-1": 32.604, "loss": 3.2475478125, "top-5": 61.348, "_timestamp": 1722302802.6833224, "_runtime": 75514.25292134285, "_step": 29, "_wandb": {"runtime": 77102}}