{"Top-1": 31.892, "loss": 3.305666875, "top-5": 59.896, "_timestamp": 1722302722.683903, "_runtime": 75464.01247191429, "_step": 29, "_wandb": {"runtime": 77134}}