{"Top-1": 31.752, "loss": 3.3340465625, "top-5": 59.888, "_timestamp": 1722302733.21571, "_runtime": 75416.885876894, "_step": 29, "_wandb": {"runtime": 77072}}