{"Top-1": 70.256, "loss": 1.204576953125, "top-5": 89.64, "_timestamp": 1720920335.4814715, "_runtime": 158415.34499955177, "_step": 99, "_wandb": {"runtime": 158415}}