{"Top-1": 70.034, "loss": 1.261090234375, "top-5": 89.894, "_timestamp": 1722136510.3278832, "_runtime": 252118.06054019928, "_step": 99, "_wandb": {"runtime": 252117}}