{"Top-1": 69.732, "loss": 1.2582284375, "top-5": 89.65, "_timestamp": 1721876664.1363857, "_runtime": 249848.32310676575, "_step": 99, "_wandb": {"runtime": 249848}}