{"Top-1": 29.098, "loss": 3.66595375, "top-5": 56.532, "_timestamp": 1722319715.8663962, "_runtime": 15180.071099281311, "_step": 5}