{"Top-1": 70.064, "loss": 1.218294375, "top-5": 89.558, "_timestamp": 1720959183.7717366, "_runtime": 197156.06635570526, "_step": 99, "_wandb": {"runtime": 197155}}