{"Top-1": 29.256, "loss": 3.5820965625, "top-5": 56.796, "_timestamp": 1722319704.101431, "_runtime": 15183.134228944778, "_step": 5}