{"Top-1": 28.102, "loss": 3.697683125, "top-5": 54.67, "_timestamp": 1722319595.3895645, "_runtime": 15025.757682561874, "_step": 5}