{"Top-1": 21.082, "loss": 4.072586875, "top-5": 45.21, "_timestamp": 1721882738.0178463, "_runtime": 2584.635841369629, "_step": 0, "_wandb": {"runtime": 3252}}