{"Top-1": 67.74, "loss": 1.44923359375, "top-5": 88.136, "_timestamp": 1721879564.4009213, "_runtime": 251178.43298125267, "_step": 99, "_wandb": {"runtime": 251178}}