{"Top-1": 70.678, "loss": 1.210729375, "top-5": 89.634, "_timestamp": 1721878756.9609644, "_runtime": 251614.12607955933, "_step": 99, "_wandb": {"runtime": 251614}}