{"Top-1": 29.84, "loss": 3.5427421875, "top-5": 57.604, "_timestamp": 1722319627.5397248, "_runtime": 15127.00909781456, "_step": 5}