{"Top-1": 30.032, "loss": 3.5414571875, "top-5": 57.956, "_timestamp": 1722302733.3488965, "_runtime": 75432.81290555, "_step": 29, "_wandb": {"runtime": 77090}}