{"Top-1": 69.996, "loss": 1.2608221875, "top-5": 89.8, "_timestamp": 1722134236.878117, "_runtime": 249819.3262321949, "_step": 99, "_wandb": {"runtime": 249818}}