{"Top-1": 70.164, "loss": 1.253531015625, "top-5": 89.72, "_timestamp": 1722136254.4368808, "_runtime": 251878.89810276031, "_step": 99, "_wandb": {"runtime": 251878}}