{"Top-1": 70.13, "loss": 1.217728515625, "top-5": 89.658, "_timestamp": 1720956217.9580455, "_runtime": 194285.0723145008, "_step": 99, "_wandb": {"runtime": 194285}}