{"Top-1": 69.912, "loss": 1.26070453125, "top-5": 89.74, "_timestamp": 1722134618.3802092, "_runtime": 250259.6261332035, "_step": 99, "_wandb": {"runtime": 250259}}