{"Top-1": 20.36, "loss": 4.113346875, "top-5": 44.414, "_timestamp": 1721882759.6547997, "_runtime": 2570.412613630295, "_step": 0, "_wandb": {"runtime": 3215}}