{"Top-1": 67.23, "loss": 2.02836515625, "top-5": 87.808, "_timestamp": 1721880679.9687424, "_runtime": 252331.8052892685, "_step": 99, "_wandb": {"runtime": 252331}}